{"cameraMode":{"drawMode":0,"name":"Shaded","section":"Shading Mode"},"sceneLighting":false,"audioPlay":false,"sceneViewState":{"showFog":true,"showMaterialUpdate":false,"showSkybox":true,"showFlares":true,"showImageEffects":true,"showParticleSystems":true},"in2DMode":false,"pivot":{"x":2.6232385635375978,"y":0.68123459815979,"z":-0.1369647979736328},"rotation":{"x":-0.08796307444572449,"y":0.8879585266113281,"z":-0.1909421682357788,"w":-0.4090639054775238},"size":7.3682169914245609,"orthographic":false}